{"cameraMode":{"drawMode":0,"name":"Shaded","section":"Shading Mode"},"sceneLighting":true,"audioPlay":false,"sceneViewState":{"m_AlwaysRefresh":false,"showFog":true,"showSkybox":true,"showFlares":true,"showImageEffects":true,"showParticleSystems":true,"showVisualEffectGraphs":true,"m_FxEnabled":true},"in2DMode":false,"pivot":{"x":-6.890143394470215,"y":2.8791279792785646,"z":-6.089605808258057},"rotation":{"x":0.009766700677573681,"y":0.9302879571914673,"z":0.024835754185914995,"w":-0.3658636212348938},"size":7.056335926055908,"orthographic":false}